Model,Condition,Price_USD,Quantity,Seller,Geographic_Region,Listing_Age,Source_URL,Source_Type,Bulk_Notes
NVIDIA H100 PCIe 80GB,New,34995,Available,ServerSupply.com,USA,Current,https://www.serversupply.com/GPU/HBM2E/80GB/NVIDIA/900-21010-0000-000_387928.htm,Retail_Specialist,Standard enterprise pricing
NVIDIA H100 PCIe 80GB,New,29500,Unavailable,Newegg (PNY),USA,Current,https://www.newegg.com/p/pl?d=h100,Retail_Major,PNY branded model NVH100TCGPU-KIT
NVIDIA H100 PCIe 80GB,New,39879,Available,High Performance Tech (Newegg),USA,Current,https://www.newegg.com/p/1VK-0066-00022,Resale_Business,Third-party seller on Newegg marketplace
NVIDIA H100 PCIe 80GB,New,24000,Available,Individual (Reddit r/hardwareswap),USA,Current,https://www.reddit.com/r/hardwareswap/comments/1ifkbr4/usany_h_nvidia_h100_80gb_pcie_w_local_cash/,Resale_Individual,"OBO - willing to travel in USA, local cash preferred"
NVIDIA H100 PCIe 80GB,New,36000,Unavailable,G-Dep (Japan),JP,Current,Referenced in PC Gamer article,International,"Japanese retailer, 4,745,950 yen (~$36,000"
NVIDIA H100 PCIe 80GB,New,23800,Available,Alibaba Supplier,JP,Current,https://www.alibaba.com/showroom/nvidia-h100-80gb-gpu.html,International,"High Performance H-100 PCIe 80GB, 3 years warranty"
NVIDIA H100 PCIe 80GB,New,49999,Available,Shenzhen Jiechuang (Alibaba),CCP,Current,https://www.alibaba.com/product-detail/High-Quality-Computing-Graphic-Card-80GB_1600969217202.html,International,"Volume pricing: 1-4 pcs $49,999, 5-99 pcs $45,666, 100+ pcs $39,999"
RTX A6000,New,5499,Available,Newegg (PNY),USA,Current,https://www.newegg.com/p/pl?d=rtx+a6000,Retail_Major,"Free shipping, multiple SKUs available"
RTX A6000,New,4399,Available,Newegg (PNY OEM),USA,Current,https://www.newegg.com/p/N82E16814133822,Retail_Major,"OEM version, replacement only return policy"
RTX A6000,New,6680,Available,Newegg (Third Party),USA,Current,https://www.newegg.com/p/pl?d=rtx+a6000,Retail_Major,Higher-end SKU or different vendor
RTX A6000,New,8899,Available,Newegg (Boxed),USA,Current,https://www.newegg.com/p/pl?d=rtx+a6000,Retail_Major,Boxed retail version with accessories
RTX A6000,New,7500,Available,ServerSupply,USA,Current,https://www.serversupply.com/GPU/GDDR6/48GB/PNY%20Technology/VCNRTXA6000-SB_379239.htm,Retail_Specialist,New factory sealed
RTX A6000,New,3199,Available,Router-Switch.com,USA,Current,https://www.router-switch.com/nvidia-rtx-6000.html,Retail_Specialist,"Global warehouses, coupons available"
RTX A6000,Refurbished,4738,Available,Newegg (Compeve),USA,Recent,https://www.newegg.com/p/2VV-000K-00127,Resale_Business,Refurbished with specs listed
RTX A6000,New,4924,Available,Amazon (3rd Party New),USA,Recent,https://camelcamelcamel.com/product/B09BDH8VZV,Retail_Major,Current 3rd party new price as of July 2025
RTX A6000,Used,4439,Available,Amazon (3rd Party Used),USA,Recent,https://camelcamelcamel.com/product/B09BDH8VZV,Retail_Major,Current 3rd party used price as of July 2025
RTX A6000,New,3849,Available,Amazon (PCPartPicker),USA,Recent,https://pcpartpicker.com/product/HWt9TW/pny-rtx-a-series-rtx-a6000-48-gb-video-card-vcnrtxa6000-pb,Retail_Major,10 new listings from $3849-4999
RTX A6000,Used,3449,Available,Amazon (PCPartPicker Used),USA,Recent,https://pcpartpicker.com/product/HWt9TW/pny-rtx-a-series-rtx-a6000-48-gb-video-card-vcnrtxa6000-pb,Retail_Major,4 used listings from $3449-4499
RTX A6000,Used,3200,Available,Reddit r/homelabsales,USA,Stale,https://www.reddit.com/r/homelabsales/comments/17e5b2u/w_used_rtx_a6000/,Resale_Individual,User mentions typical eBay range 3200-3400
RTX A6000,Used,3500,Available,Reddit r/homelabsales seller,USA,Stale,https://www.reddit.com/r/homelabsales/comments/10fqo4f/fs_usw_nvidia_quadro_a6000/,Resale_Individual,"Individual seller, shipped US"
NVIDIA RTX 4000 SFF Ada,Used,1085.16,Unavailable,eBay US Seller,USA,Recent,https://www.benl.ebay.be/sch/i.html?_nkw=rtx+4000+sff+ada,Resale_Individual,"EUR 1,019.45 - converted to USD, never used"
NVIDIA RTX 4000 SFF Ada,New,1267.06,Unavailable,eBay US Seller,USA,Recent,https://www.benl.ebay.be/sch/i.html?_nkw=rtx+4000+sff+ada,Resale_Business,"EUR 1,189.36 - 13 sold"
NVIDIA RTX 4000 SFF Ada,New,1275.99,Available,Newegg - PNY,USA,Current,https://www.newegg.com/p/pl?d=rtx+4000+ada+sff,Retail_Major,Free shipping
NVIDIA RTX 4000 SFF Ada,New,1299.99,Available,Central Computer,USA,Current,https://www.centralcomputer.com/pny-vcnrtx4000adalp-pb-nvidia-rtx-4000-sff-ada-graphics-card-20-gb-gddr6-ecc-2-slot-pcie-4-0-x16-mdp-1-4a.html,Retail_Specialist,14-day returns
NVIDIA RTX 4000 SFF Ada,New,1382.01,Available,Channel Online,USA,Current,https://usm.channelonline.com/netcombsi/storesite/Products/overview/M024302451,Retail_Specialist,Bulk quantity available
NVIDIA RTX 4000 SFF Ada,New,1397.16,Available,eBay China Seller,CCP,Current,https://www.benl.ebay.be/sch/i.html?_nkw=rtx+4000+sff+ada,International,"EUR 1,310 - Founders Edition claim"
NVIDIA RTX 4000 SFF Ada,Used,1466.12,Available,Amazon 3rd Party,EU,Recent,https://fr.camelcamelcamel.com/product/B0C2KNGV5L,Resale_Business,"€1,377.90 average used price"
NVIDIA RTX 4000 SFF Ada,New,1489.48,Available,Alternate.de,EU,Current,https://www.alternate.de/PNY/NVIDIA-RTX-4000-SFF-Ada-Generation-20GB-PB-Grafikkarte/html/product/1914392,International,"€1,399 down from €1,509"
NVIDIA RTX 4000 SFF Ada,New,1529.0,Available,Amazon 3rd Party,EU,Current,https://fr.camelcamelcamel.com/product/B0C2KNGV5L,Resale_Business,"€1,435.27 current 3rd party price"
NVIDIA RTX 4000 SFF Ada,New,1581.8,Available,Connection,USA,Current,https://www.connection.com/product/pny-nvidia-rtx-4000-sff-ada-generation-pcie-4.0-x16-graphics-card-20gb-gddr6/vcnrtx4000adalp-pb/41615067,Retail_Specialist,Ships in 48 Hours
NVIDIA RTX 4000 SFF Ada,New,1600.0,Available,ServerSupply,USA,Current,https://www.serversupply.com/GPU/GDDR6/20GB/PNY%20Technology/VCNRTX4000ADALP-PB_377624.htm,Retail_Specialist,"Down from $1,850 - 13% off"
NVIDIA RTX 4000 SFF Ada,New,1713.54,Available,eBay China Seller,CCP,Current,https://www.benl.ebay.be/sch/i.html?_nkw=rtx+4000+sff+ada,International,"EUR 1,605.64 - Professional graphics"
NVIDIA RTX 4000 SFF Ada,New,1723.33,Available,Overclockers UK,EU,Current,https://www.overclockers.co.uk/nvidia-rtx-4000-sff-ada-20gb-gddr6-pci-express-graphics-card-oem-gra-nvi-05600.html,International,"£1,339.99 - converted to USD"
NVIDIA RTX 4000 SFF Ada,New,1939.99,Available,CDW,USA,Current,https://www.cdw.com/product/nvidia-rtx-4000-ada-graphics-card-rtx-4000-sff-ada-20-gb/8377274,Retail_Major,"Down from $2,623.99 - 26% discount"
NVIDIA RTX 4000 SFF Ada,New,1959.7,Available,Computer Universe,EU,Current,https://www.computeruniverse.net/en/p/2E17-07X,International,"€1,461 - converted to USD"
NVIDIA RTX 4000 SFF Ada,New,1999.0,Available,SHI,USA,Current,https://www.shi.com/product/46030307/NVIDIA-RTX-4000-SFF-Ada-Generation,Retail_Specialist,MSRP listed
NVIDIA RTX 4000 SFF Ada,New,2119.99,Available,Newegg - Tech Edge,USA,Current,https://www.newegg.com/p/1FT-0004-00904,Retail_Major,"Industrial package, ships from China"
NVIDIA RTX 4000 SFF Ada,New,2144.64,Available,MediaMarkt,EU,Current,https://www.mediamarkt.de/de/product/_pny-vcnrtx4000adalp-pb-nvidia-grafikkarte-142765925.html,International,"€1,600 - premium pricing"
NVIDIA RTX 4000 SFF Ada,New,2208.0,Available,Newegg - Leadtek,USA,Current,https://www.newegg.com/p/pl?d=rtx+4000+ada+sff,Retail_Major,Free shipping
NVIDIA A40,Used,4900,Available,Reddit r/homelabsales,USA,Stale,https://www.reddit.com/r/homelabsales/comments/12aue6s/pc_nvidia_tesla_a40_48gb/,Resale_Individual,"Discussion: fair price $4200-4500, recent eBay $4900"
NVIDIA A40,New,5170,Unavailable,Newegg Direct,USA,Recent,https://www.newegg.com/p/pl?d=nvidia+a40,Retail_Major,Free shipping
NVIDIA A40,Used,5500,Available,Instagram Liquidation,USA,Recent,https://www.instagram.com/p/C_A-nytyi1y/,Liquidation,Liquidation sale - limited availability
NVIDIA A40,New,5599,Unavailable,Newegg,USA,Recent,https://www.newegg.com/p/pl?d=nvidia+a40,Retail_Major,Free shipping
NVIDIA A40,Refurbished,5999,Available,Xbyte.com,USA,Current,https://www.xbyte.com/products/cat-23978/,Retail_Specialist,"Was $9,999 - Dell OEM"
NVIDIA A40,Refurbished,5999,Available,Newegg (Dell),USA,Recent,https://www.newegg.com/p/pl?d=nvidia+a40,Retail_Major,Dell refurbished
NVIDIA A40,New,6300,Available,heinzsoft (eBay.de),EU,Recent,https://www.ebay.de/itm/286207081910,Resale_Business,Ended - no longer available
NVIDIA A40,New,6439,Available,Router-Switch.com,USA,Stale,https://www.router-switch.com/nvidia-a40.html,Retail_Specialist,Up to $80 coupons available
NVIDIA A40,New,7342,Available,Novatech,EU,Current,https://www.novatech.co.uk/products/pny-nvidia-a40-48gb-gddr6-ecc-data-centre-gpu/tcsa40m-pb.html,Retail_Specialist,"£6,496.50 inc. VAT, 24-month financing"
NVIDIA A40,New,7700,Available,Zoro.co.uk,EU,Recent,https://www.idealo.co.uk/compare/201658583/pny-nvidia-a40-48g.html,Retail_Specialist,"£6,199.99 + shipping"
NVIDIA A40,New,7749,Available,binhua158 (eBay),CCP,Stale,https://www.ebay.com.au/itm/296430453835,International,"Ships from China, no returns"
NVIDIA A40,New,7840,Available,LDLC,EU,Stale,https://www.ldlc.com/en/product/PB00462697.html,Retail_Specialist,"€6,849.95, 3-year warranty"
NVIDIA A40,New,13200,Available,MemoryPartner_Deals (eBay),CCP,Stale,https://www.ebay.com.au/itm/374192509164,International,"60-day returns, bulk available"
RTX A4000,New,1149.99,Available,B&H Photo,USA,Current,https://www.bhphotovideo.com/c/product/1644218-REG/pny_technologies_vcnrtxa4000_pb_nvidia_rtx_a4000_graphics.html,Retail_Major,"Back-ordered, expected availability May 02, 2025"
RTX A4000,New,1295.0,Available,Newegg (Tech Trends),USA,Current,https://www.newegg.com/pny-technologies-inc-vcnrtxa4000-pb-rtx-a4000-16gb-graphics-card/p/N82E16814132091,Retail_Major,In stock
RTX A4000,New,691.19,Unavailable,Micro Center,USA,Current,https://www.microcenter.com/product/652306/pny-nvidia-rtx-a4000-single-fan-16gb-gddr6-pcie-40-graphics-card,Retail_Major,Not Available - Out of Stock
RTX A4000,New,1230.99,Available,Zones.com,USA,Current,https://www.zones.com/site/product/index.html?id=109402324,Retail_Specialist,Enterprise pricing available
RTX A4000,Used,535.0,Available,rburla (eBay Canada),CA,Recent,https://www.ebay.ca/itm/375373064015,Resale_Individual,SOLD listing - C$727.00
RTX A4000,Used,550.0,Available,eBay Individual,CA,Recent,https://www.ebay.ca/sch/i.html?_nkw=rtx+a4000,Resale_Individual,C$750.00 or Best Offer
RTX A4000,Used,785.0,Available,OfferUp Gastonia NC,USA,Current,https://offerup.com/item/detail/57292b4a-bd29-3a68-8c3c-0e5f348846f0,Resale_Individual,Local pickup only
RTX A4000,Used,615.0,Available,Dell (Reddit HardwareSwap),USA,Recent,https://www.reddit.com/r/hardwareswap/comments/1ix0bmh/usamah_nvidia_quado_rtx_a4000_16gb_gddr6_pcie/,Resale_Individual,"Dell P/N: 0HGP0F, Boston MA"
RTX A4000,Refurbished,739.97,Available,ReSpec.io Store (eBay),USA,Current,https://www.ebay.ca/itm/156035032609,Resale_Business,"Professionally renewed, 1yr warranty, 418 sold"
RTX A4000,Refurbished,735.0,Available,HP Refurbished (eBay),USA,Current,https://www.ebay.ca/sch/i.html?_nkw=rtx+a4000,Resale_Business,"C$999.37, 6 sold"
RTX A4000,Refurbished,750.0,Available,Newegg Refurbished,USA,Current,https://www.newegg.com/p/1FT-000P-005P8,Resale_Business,"Tech Trends seller, $828.99"
RTX A4000,Refurbished,1019.78,Available,eBay Business Seller,USA,Current,https://www.ebay.ca/sch/i.html?_nkw=rtx+a4000,Resale_Business,"C$1,019.78, 7 sold"
RTX A4000,New,933.0,Available,Lenovo (eBay),CA,Current,https://www.ebay.ca/sch/i.html?_nkw=rtx+a4000,Resale_Business,"C$1,269.00, 15% off original price"
RTX A4000,New,1000.0,Available,eBay Sealed Box,USA,Current,https://www.ebay.ca/sch/i.html?_nkw=rtx+a4000,Resale_Business,"C$1,358.34 or Best Offer, sealed box"
RTX A4000,New,1095.0,Available,mujitech3 (eBay China),CCP,Current,https://www.ebay.co.uk/itm/374527189182,International,"New, never used, Chinese seller"
RTX A4000,New,1360.0,Available,China eBay Seller,CCP,Current,https://www.ebay.ca/sch/i.html?_nkw=rtx+a4000,International,"C$1,849.19, from China"
RTX A4000,New,720.0,Available,Alibaba Seller 1,CCP,Current,https://www.alibaba.com/showroom/a4000.html,International,$720-729 range
RTX A4000,New,790.0,Available,Alibaba Seller 2,CCP,Current,https://www.alibaba.com/showroom/rtx-a400.html,International,$790-920 range
RTX A4000,New,900.0,Available,Alibaba Seller 3,CCP,Current,https://chinese.alibaba.com/g/rtx-a4000-price.html,International,$900-935 range
RTX A4000,Used,450.0,Available,Alibaba Seller 4,CCP,Current,https://chinese.alibaba.com/g/rtx-a4000-price.html,International,"$458-833 range, mixed A2000/A4000"
RTX A4000,New,1140.0,Available,Computer Universe,EU,Current,https://www.computeruniverse.net/en/p/2E17-06M,International,"€1,097.00, Germany, in stock"
RTX A4000,New,400.0,Available,Eurolots Wholesale,EU,Current,https://www.blog.eurolots.com/wholesale-video-cards,Liquidation,"€400.00 VAT Excl., wholesale pricing, min 3 pieces"
RTX A4000,New,944.0,Available,Pangoly Aggregator,USA,Current,https://pangoly.com/en/price-history/pny-nvidia-rtx-a4000,Retail_Specialist,Used from $689.99
RTX A4000,New,1049.0,Available,Router-Switch.com,USA,Current,https://www.router-switch.com/fr/nvidia-rtx-a4000.html,Retail_Specialist,"Global warehouses, bulk savings available"
NVIDIA RTX PRO 6000 Blackwell,New,8299.99,Available,Central Computer,USA,Current,https://www.centralcomputer.com/pny-nvidia-rtx-pro-6000-graphics-card-96gb-gddr6-24-064-cuda-cores-pci-express-5-0-x16-600w-vcnrtxpro6000b-pb.html,Retail_Specialist,~3% below MSRP; in-stock
NVIDIA RTX PRO 6000 Blackwell,New,8899.0,Unavailable,Newegg (3C Expert),USA,Current,https://www.newegg.com/p/2VV-000K-00143,Retail_Major,Slight premium vs. MSRP; OOS
NVIDIA RTX PRO 6000 Blackwell,New,9299.0,Unavailable,Newegg (Newegg Direct),USA,Current,https://www.newegg.com/p/N82E16888884001,Retail_Major,≈9% above MSRP; OOS
NVIDIA RTX PRO 6000 Blackwell,New,10999.0,Unavailable,B&H Photo,USA,Current,https://www.bhphotovideo.com/c/product/1895402-REG/nvidia_900-5g144-2200-000_rtx_pro_6000_blackwell.html,Retail_Major,Premium pricing; back-ordered
NVIDIA RTX PRO 6000 Blackwell,New,8031.08,Unavailable,SabrePC,USA,Current,https://www.sabrepc.com/900-5G144-2200-000-NVIDIA-S197828594,Resale_Business,≈6% below MSRP; non-returnable
NVIDIA RTX PRO 6000 Blackwell,New,11990.0,Available,ServerSupply,USA,Current,https://www.serversupply.com/GPU/GDDR7/96GB/NVIDIA/900-5G144-2200-001_414708.htm,Resale_Business,High-price anomaly (+40% over MSRP); may target enterprise rush demand
NVIDIA RTX PRO 6000 Blackwell,New,10999.0,Available,SHI International,USA,Current,https://texas.gs.shi.com/product/50042625/NVIDIA-RTX-PRO-6000-Blackwell-Max-Q,Retail_Specialist,300 W variant; preorder only
NVIDIA A2,New,975,Available,Newegg (PNY),USA,Current,newegg.com/p/1FT-000P-005Y7,Retail_Major,Free delivery
NVIDIA A2,New,1070,Available,Newegg (TECH EDGE),CCP,Current,newegg.com/p/0XP-00VH-000G9,Retail_Major,Ships from China
NVIDIA A2,New,889,Available,Router-Switch.com,USA,Current,router-switch.com/nvidia-a2.html,Retail_Specialist,"New Factory Sealed, Global Warehouses"
NVIDIA A2,New,5576,Available,CDW Canada,CA,Current,cdw.ca/product/nvidia-a2-gpu-computing-processor-a2-16-gb/7474786,Retail_Specialist,"Enterprise pricing, converted from CAD 7193.99"
NVIDIA A2,Refurbished,699,Available,Newegg (ServerQue),USA,Current,newegg.com/nvidia-tesla-a2-graphics-card/p/1WK-00TY-00082,Resale_Business,30-day return policy
NVIDIA A2,Refurbished,750,Available,ServerSupply,USA,Current,serversupply.com/GPU/GDDR6/16%20GIGABIT/NVIDIA/900-2G179-0020-000_395854.htm,Resale_Business,"90 days warranty, refurbished condition"
NVIDIA A2,New,1947,Available,LDLC (France),EU,Current,ldlc.com/en/product/PB00482177.html,International,"Converted from €1539.95, 3-year warranty"
NVIDIA A2,New,1912,Available,Novatech (UK),EU,Current,novatech.co.uk/products/pny-nvidia-a2-16gb-gddr6-ecc-data-centre-gpu/tcsa2matx-pb.html,International,"Converted from £1560.20 inc VAT, UK pricing"
NVIDIA A2,New,730,Available,Alibaba Supplier,CCP,Current,alibaba.com/showroom/nvidia-a2-gpu.html,International,"$730-750 range, original for AI/HPC"
NVIDIA A2,Used,521,Available,eBay UK Seller,EU,Current,ebay.co.uk/shop/nvidia-a2,Resale_Individual,"Converted from £399, used condition, China seller"
NVIDIA A2,Refurbished,780,Available,eBay UK Dell Seller,EU,Current,ebay.co.uk/shop/nvidia-a2,Resale_Individual,"Converted from £600, Dell branded, refurbished"
NVIDIA A2,New,1497,Available,Router-Switch (Tesla A2),USA,Current,router-switch.com/tesla-a2.html,Retail_Specialist,"New Factory Sealed, 3 years warranty, 30/mo sold"
NVIDIA A2,Refurbished,1648,Available,Bonanza Seller,USA,Current,bonanza.com/listings/Nvidia-Tesla-A2-16G-Video-Card/1637846728,Resale_Business,"Seller refurbished, 30-day return, 6% discount w/ $60 spent"
NVIDIA A2,New,1423,Available,youyeetoo,USA,Current,youyeetoo.com/products/nvidia-a2-tensor-core-gpu,Retail_Specialist,"Free delivery over $10K, entry-level GPU"
NVIDIA A2,New,1750,Available,Newegg (Tech Trends),USA,Current,newegg.com/p/1FT-000P-005Y7,Retail_Major,"PNY NVIDIA TESLA A2, #1 Best Seller"
NVIDIA A2,New,975,Available,Newegg (PNY),USA,Current,newegg.com/p/1FT-000P-005Y7,Retail_Major,Free delivery
NVIDIA A2,New,1070,Available,Newegg (TECH EDGE),CCP,Current,newegg.com/p/0XP-00VH-000G9,Retail_Major,Ships from China
NVIDIA A2,New,889,Available,Router-Switch.com,USA,Current,router-switch.com/nvidia-a2.html,Retail_Specialist,"New Factory Sealed, Global Warehouses"
NVIDIA A2,New,5576,Available,CDW Canada,CA,Current,cdw.ca/product/nvidia-a2-gpu-computing-processor-a2-16-gb/7474786,Retail_Specialist,"Enterprise pricing, converted from CAD 7193.99"
NVIDIA A2,Refurbished,699,Available,Newegg (ServerQue),USA,Current,newegg.com/nvidia-tesla-a2-graphics-card/p/1WK-00TY-00082,Resale_Business,30-day return policy
NVIDIA A2,Refurbished,750,Available,ServerSupply,USA,Current,serversupply.com/GPU/GDDR6/16%20GIGABIT/NVIDIA/900-2G179-0020-000_395854.htm,Resale_Business,"90 days warranty, refurbished condition"
NVIDIA A2,New,1947,Available,LDLC (France),EU,Current,ldlc.com/en/product/PB00482177.html,International,"Converted from €1539.95, 3-year warranty"
NVIDIA A2,New,1912,Available,Novatech (UK),EU,Current,novatech.co.uk/products/pny-nvidia-a2-16gb-gddr6-ecc-data-centre-gpu/tcsa2matx-pb.html,International,"Converted from £1560.20 inc VAT, UK pricing"
NVIDIA A2,New,730,Available,Alibaba Supplier,CCP,Current,alibaba.com/showroom/nvidia-a2-gpu.html,International,"$730-750 range, original for AI/HPC"
NVIDIA A2,Used,521,Available,eBay UK Seller,EU,Current,ebay.co.uk/shop/nvidia-a2,Resale_Individual,"Converted from £399, used condition, China seller"
NVIDIA A2,Refurbished,780,Available,eBay UK Dell Seller,EU,Current,ebay.co.uk/shop/nvidia-a2,Resale_Individual,"Converted from £600, Dell branded, refurbished"
NVIDIA RTX 6000 Ada,New,3199.0,Available,Router-Switch.com,CCP,Current,https://www.router-switch.com/nvidia-rtx-6000.html,International,Price 40% below typical - may be liquidating stock
NVIDIA RTX 6000 Ada,Used,4900.0,Available,Private Seller (eBay),EU,Current,https://www.befr.ebay.be/sch/i.html?_nkw=rtx+6000+ada,Resale_Individual,"Auction format, 3 days remaining"
NVIDIA RTX 6000 Ada,New,5200.0,Available,Alibaba Supplier,CCP,Current,https://www.alibaba.com/showroom/rtx-6000-ada-generation.html,International,"New Retail Box Hot-selling, price range $5,200-8,250"
NVIDIA RTX 6000 Ada,New,6305.0,Available,Dell (Precision 3680),USA,Current,https://www.reddit.com/r/LocalLLaMA/comments/1jekgzu/tip_6000_adas_available_for_6305_via_dell/,Retail_Major,"GPU upgrade option in workstation, total system cost $7,032.78"
NVIDIA RTX 6000 Ada,New,6500.0,Available,Alibaba Supplier,CCP,Current,https://www.alibaba.com/showroom/rtx-6000-ada-generation.html,International,Hot selling N-VIDIA Quadro RTX 6000 Ada Generation
NVIDIA RTX 6000 Ada,New,6999.99,Available,Newegg (NVIDIA Direct),USA,Current,https://www.newegg.com/nvidia-900-5g133-2250-000-rtx-6000-ada-48gb-graphics-card/p/N82E16814132103,Retail_Major,"OEM packaging, free shipping"
NVIDIA RTX 6000 Ada,New,7069.0,Available,B&H Photo,USA,Current,https://www.bhphotovideo.com/c/product/1811918-REG/nvidia_900_5g133_2250_000_rtx_6000_ada_graphic.html,Retail_Specialist,Expected availability: 2-4 weeks
NVIDIA RTX 6000 Ada,New,7267.99,Available,Newegg (PNY),USA,Current,https://www.newegg.com/pny-rtx-6000-ada-vcnrtx6000ada-pb-48gb-384-bit-gddr6-pci-express-4-0-x16-graphics-card/p/N82E16814133886,Retail_Major,"Retail packaging, free shipping"
NVIDIA RTX 6000 Ada,New,7500.0,Available,Provantage,USA,Current,https://www.provantage.com/pny-technologies-vcnrtx6000ada-pb~7PNY9260.htm,Retail_Specialist,PNY VCNRTX6000ADA-PB model
NVIDIA RTX 6000 Ada,New,7590.0,Available,computersdeal.com,USA,Current,https://www.idealo.co.uk/compare/202289996/pny-nvidia-rtx-6000-ada.html,International,UK pricing via Idealo price comparison
NVIDIA RTX 6000 Ada,New,7691.99,Available,Zones.com,USA,Current,https://www.zones.com/site/product/index.html?id=114707304,Retail_Specialist,NVIDIA retail packaging
NVIDIA RTX 6000 Ada,New,7999.99,Unavailable,B&H Photo (PNY),USA,Current,https://www.bhphotovideo.com/c/product/1753962-REG/pny_vcnrtx6000ada_pb_rtx_6000_ada_generation.html,Retail_Specialist,"PNY branded, back-ordered"
NVIDIA RTX 6000 Ada,New,8600.0,Available,CDW,USA,Current,https://www.cdw.com/product/nvidia-rtx-6000-ada-generation-graphics-card/7237964,Retail_Specialist,"4-6 weeks availability, 25% markup over MSRP"
NVIDIA RTX 6000 Ada,New,9380.0,Available,tugm4470 (eBay),CCP,Current,https://www.ebay.com.au/itm/176567141211,Resale_Business,"No returns accepted, ships from Shenzhen, China"
NVIDIA RTX 6000 Ada,New,10499.99,Available,Memory Express,CA,Current,https://www.memoryexpress.com/Products/MX00124902,Retail_Specialist,PNY NVIDIA RTX 6000 Ada Generation 48GB
NVIDIA RTX 6000 Ada,New,22800.0,Available,Alibaba Supplier,CCP,Current,https://www.alibaba.com/showroom/rtx-6000-ada-generation.html,International,Premium pricing - may include warranty/service
NVIDIA Rtx A2000 12Gb,New,599.99,Available,Micro Center,USA,Current,https://www.microcenter.com/product/652304/pny-nvidia-rtx-a2000-single-fan-12gb-gddr6-pcie-40-graphics-card,Retail_Major,"Shipping not available, limit 1 per household"
NVIDIA Rtx A2000 12Gb,New,599.99,Available,Central Computer,USA,Current,https://www.centralcomputer.com/pny-vcnrtxa200012gb-pb-nvidia-rtx-a2000-12gb-gddr6-low-profile-pci-express-4-0-x16-graphics-card.html,Retail_Major,Multiple CA store locations
NVIDIA Rtx A2000 12Gb,New,665.0,Available,Alliance Group USA (Newegg),USA,Current,https://www.newegg.com/pny-technologies-inc-vcnrtxa200012gb-pb-rtx-a2000-graphics-card/p/N82E16814133834,Resale_Business,Third-party seller on Newegg
NVIDIA Rtx A2000 12Gb,Refurbished,739.0,Available,Compeve (Newegg),USA,Current,https://www.newegg.com/p/1FT-000P-005W9,Resale_Business,Refurbished unit with full specs
NVIDIA Rtx A2000 12Gb,New,819.99,Available,Industrial Seller (Newegg),USA,Current,https://www.newegg.com/p/pl?d=rtx+a2000+12gb,Resale_Business,"Industrial package, film/TV post-production"
NVIDIA Rtx A2000 12Gb,Used,583.28,Available,uventure (eBay CA),USA,Recent,https://www.ebay.ca/sch/i.html?Brand=&_dcat=3252&_nkw=rtx+a2000,Resale_Business,"Top rated seller, CAD price converted"
NVIDIA Rtx A2000 12Gb,Used,611.03,Available,sumcollectibles (eBay CA),USA,Recent,https://www.ebay.ca/sch/i.html?Brand=&_dcat=3252&_nkw=rtx+a2000,Resale_Business,CAD price converted
NVIDIA Rtx A2000 12Gb,Refurbished,456.0,Available,ETB Technologies (eBay UK),EU,Recent,https://www.ebay.co.uk/itm/285917954319,Resale_Business,"£456 (~$570 USD), excellent refurbished"
NVIDIA Rtx A2000 12Gb,Used,325.0,Available,Salt_Entertainer_879 (Reddit),USA,Recent,https://www.reddit.com/r/sffpc/comments/1k9461p/fsct_pny_rtx_a2000_12g/,Resale_Individual,"2 months use, non-smoking home, shipped CONUS"
NVIDIA Rtx A2000 12Gb,Refurbished,480.0,Available,Beijing Jiayetongchuang (Alibaba),CCP,Current,https://www.alibaba.com/product-detail/NVIDIA-RTX-A2000-A2000-12GB-GRAPHICS_1600453369541.html,International,"MOQ 1, price range $480-799, 15 day lead time"
NVIDIA Rtx A2000 12Gb,Refurbished,799.0,Available,Beijing Jiayetongchuang (Alibaba),CCP,Current,https://www.alibaba.com/product-detail/NVIDIA-RTX-A2000-A2000-12GB-GRAPHICS_1600453369541.html,International,"Higher quantity pricing, bulk orders"
NVIDIA Rtx A2000 12Gb,New,690.0,Available,Computer Universe,EU,Current,https://www.computeruniverse.net/en/p/2E17-07E,International,"€690 (~$750 USD), 3-7 business days delivery"
NVIDIA Rtx A2000 12Gb,New,545.0,Available,Amazon Marketplace UK,EU,Current,https://skinflint.co.uk/pny-rtx-a2000-vcnrtxa2000-12gb-pb-a2674329.html,International,"£545 (~$680 USD), includes DP cable"
NVIDIA A100 40GB PCIe,New,15398.90,Available,Lucky-PLC Store,CCP,Stale,https://www.ebay.co.uk/itm/386415154179,Resale_Business,—
NVIDIA A100 40GB PCIe,New,18999.99,Available,High Performance Tech (Newegg),CCP,Current,https://www.newegg.com/nvidia-900-21001-0000-000-a100-40gb-graphics-card/p/N82E16814132090,Retail_Major,Free shipping; seller rating 4★
NVIDIA A100 40GB PCIe,Refurbished,22350.00,Available,ServerSupply,USA,Current,https://www.serversupply.com/NETWORKING/EXPANSION%20MODULE/APPLICATION%20ACCELERATOR/HPE/R6B53A_343787.htm,Retail_Specialist,90-day warranty
NVIDIA A100 40GB PCIe,Refurbished,12000.00,Available,UnixSurplus,USA,Recent,https://unixsurplus.com/Nvidia-A100-40GB-Memory,Retail_Specialist,Ships in 2 business days
NVIDIA A100 40GB PCIe,Used,15859.00,Available,CTOServers,EU,Recent,https://www.ebay.co.uk/itm/276787452070,Resale_Business,Includes HPE Gen10 carrier
NVIDIA A100 40GB PCIe,New,27589.26,Available,yudr3m,CA,Current,https://www.ebay.ca/itm/167577727473,Resale_Individual,Price ≈40% above typical – possible premium/rarity
NVIDIA L4,New,2524.99,Available,Newegg,USA,Current,https://www.newegg.com/p/N82E16888892004,Retail_Major,Free shipping
NVIDIA L4,New,2549.0,Available,Router-Switch,USA,Current,https://www.router-switch.com/nvidia-l4.html,Retail_Specialist,"Global warehouses, up to $80 coupons available"
NVIDIA L4,New,3399.0,Available,Marigold Systems,USA,Stale,https://www.marigoldsystems.com/products/nvidia-l4-24gb-single,Retail_Specialist,Out of stock
NVIDIA L4,New,3150.0,Available,EuroPC,EU,Current,https://www.europc.com/us/nvidia-l4-tensor-core-ai-computational,Retail_Specialist,"£2519.99 inc VAT, £2099.99 ex VAT"
NVIDIA L4,New,3150.0,Available,Novatech UK,EU,Current,https://www.novatech.co.uk/products/pny-nvidia-l4-24gb-gddr6,Retail_Specialist,"£2519.99 inc VAT, financing available"
NVIDIA L4,New,2136.0,Available,ViperaTech,USA,Recent,https://viperatech.com/shop/nvidia-l4-24g-pcie-tensor,Retail_Specialist,"Sale price, was $3,081 - $945 savings"
NVIDIA L4,New,2487.5,Available,SabrePC,USA,Current,https://www.sabrepc.com/900-2G193-0000-000-NVIDIA,Retail_Specialist,"B2B pricing available, non-cancelable"
NVIDIA L4,New,2072.0,Available,eBay Business Seller,CCP,Current,https://www.ebay.de/itm/126436167844,Resale_Business,"Chinese seller, 99.4% feedback, 11 sold"
NVIDIA L4,Refurbished,2599.0,Available,xByte Technologies,USA,Current,https://www.newegg.com/p/2NS-0008-7B2V4,Resale_Business,"Dell refurbished, 30-day return policy"
NVIDIA L4,New,2150.0,Available,eBay Business Seller,CCP,Current,https://www.ebay.co.uk/itm/204746958291,Resale_Business,"98.5% feedback, 4.4K items sold"
NVIDIA L4,New,2425.0,Available,eBay Business Seller,CCP,Current,https://www.ebay.co.uk/itm/375843854373,Resale_Business,"99.3% feedback, 12K items sold"
NVIDIA L4,New,5680.0,Available,Bonanza Seller,USA,Current,https://www.bonanza.com/listings/Nvidia-Tesla-L4-24G,Resale_Business,"30-day return, PayPal accepted"
NVIDIA L4,New,7566.0,Available,SHI (HPE),USA,Current,https://www.shi.com/product/45410419,Liquidation,"MSRP listed, enterprise channel"
NVIDIA L4,New,7874.11,Available,SHI (Hitachi Vantara),USA,Current,https://www.shi.com/product/49450195,Liquidation,"MSRP listed, enterprise channel"
NVIDIA L4,New,8107.99,Available,Zones (Cisco UCS),USA,Current,https://www.zones.com/site/product/index.html?id=115013295,Liquidation,Cisco UCS variant UCSX-GPU-L4
NVIDIA L4,New,4729.99,Available,Newegg (HPE),USA,Current,https://www.newegg.com/hpe-s0k89c/p/N82E16816269085,Liquidation,"HPE S0K89C model, 1-year warranty"
NVIDIA L4,New,11184.81,Available,Dell Singapore,CCP,Current,https://www.dell.com/en-sg/shop/nvidia-l4-pcie-72-watt,Liquidation,SGD price includes 9% GST
NVIDIA L4,New,1980.0,Available,eBay International,EU,Stale,https://www.ebay.co.uk/itm/363551612404,International,"€1,819.00, listing ended Jun 2025"
NVIDIA L4,New,2200.0,Available,Alibaba Sellers,CCP,Current,https://www.alibaba.com/showroom/l4-nvidia.html,International,"879+ products available, various suppliers"
NVIDIA A800 Active 40GB,New,19999.0,Available,SHI.com,USA,Current,https://www.shi.com/product/46563369/NVIDIA-A800-40GB-Active,Retail_Major,"MSRP pricing, official distributor"
NVIDIA A800 Active 40GB,New,19999.0,Available,B&H Photo,USA,Current,https://www.bhphotovideo.com/c/product/1803762-REG/pny_vcna800_pb_a800_40gb_active_graphics.html,Retail_Specialist,"4-6 weeks expected availability, cannot cancel/return"
NVIDIA A800 Active 40GB,New,14124.99,Available,Zones.com,USA,Current,https://www.zones.com/site/product/index.html?id=114978286,Retail_Specialist,Includes 3-year NVIDIA AI Enterprise subscription
NVIDIA A800 Active 40GB,New,14117.99,Available,Zones.com,USA,Current,https://www.zones.com/site/product/index.html?id=301534092NEW,Retail_Specialist,Includes 3-year NVIDIA AI Enterprise subscription
NVIDIA A800 Active 40GB,New,17256.99,Available,Zones.com,USA,Current,https://www.zones.com/site/product/index.html?id=114101413,Retail_Specialist,PNY black box packaging and accessories
NVIDIA A800 Active 40GB,New,14399.99,Unavailable,Central Computer,USA,Current,https://www.centralcomputer.com/pny-nvidia-a800-40gb-active-graphic-card-ecc-pcie-4-0-dual-slot-240w-vcna800-pb.html,Retail_Specialist,PNY model VCNA800-PB
NVIDIA A800 Active 40GB,New,21475.25,Unavailable,HP Connection,USA,Current,https://www.connection.com/product/hp-nvidia-a800-pcie-4.0-x16-graphics-card-40gb-hbm2/8d6c0aa/41770375,Retail_Specialist,HP branded version (8D6C0AA)
NVIDIA A800 Active 40GB,New,14493.57,Available,Provantage,USA,Current,https://www.provantage.com/pny-technologies-vcna800-pb~7PNY92EK.htm,Retail_Specialist,"28% discount from MSRP, PNY black box packaging"
NVIDIA A800 Active 40GB,New,17400.0,Available,Scan.co.uk,EU,Current,https://www.scan.co.uk/products/40gb-pny-nvidia-a800-active-6912-cuda-432-tensor-hbm2-195-tflops-fp32-3118-tflops-tf32-retail,Retail_Specialist,"PNY retail packaging, financing available, 36-month warranty"
NVIDIA A800 Active 40GB,New,13200.0,Available,Japanese retailers (aggregated),JP,Current,https://kakaku.com/item/K0001605271/,Retail_Specialist,"Price range ¥1,980,000-¥2,666,750 across multiple retailers"
